negative,positive
0.5035503,0.49644965
anger,disgust,fear,guilt,joy,sadness,shame
0.08922267,0.12783839,0.106736146,0.29396746,0.00719699,0.17022642,0.20481202