negative,positive
0.5035503,0.49644965
anger,disgust,fear,guilt,joy,sadness,shame
0.089222655,0.12783837,0.10673615,0.2939674,0.0071969884,0.17022642,0.204812